subject,predicate,object,latitude,longitude,timestamp,source,CID
FRM901001,none,,21.38680798,-157.73443834,2026-08-03T22:00:00.000Z,UAV 3,1
ENCAESAR002,move to,LOC_북측예비방어선,21.37575122,-157.73461497,2026-08-03T22:00:00.000Z,UAV 3,3
FRT69002,move to,LOC_중앙킬존남측,21.38062316,-157.73220904,2026-08-03T22:00:00.000Z,UAV 3,1
FRT69001,move to,LOC_중앙킬존남측,21.38083049,-157.73220700,2026-08-03T22:00:00.000Z,UAV 3,1
ENGAZ001,move to,LOC_적북측접근로,21.37337528,-157.73279257,2026-08-03T22:00:00.000Z,UAV 3,3
FRAHS001,move to,LOC_목표A남측,21.38646271,-157.73469917,2026-08-03T22:00:00.000Z,UAV 3,1
FRMORT001,FFE-on-Location,LOC_적포병진지,21.39116652,-157.73700854,2026-08-03T22:00:00.000Z,UAV 3,1
FRT69003,move to,LOC_중앙킬존남측,21.38097332,-157.73240275,2026-08-03T22:00:00.000Z,UAV 3,1
FRT69005,move to,LOC_중앙킬존남측,21.38100014,-157.73233777,2026-08-03T22:00:00.000Z,UAV 3,1
ENGAZ002,move to,LOC_적북측접근로,21.37349402,-157.73315589,2026-08-03T22:00:00.000Z,UAV 3,3
ENM35002,move to,LOC_적북측접근로,21.37340544,-157.73283903,2026-08-03T22:00:00.000Z,UAV 3,3
ENM35001,move to,LOC_적북측접근로,21.37314687,-157.73312307,2026-08-03T22:00:00.000Z,UAV 3,3
FRT69004,move to,LOC_중앙킬존남측,21.38065700,-157.73204394,2026-08-03T22:00:00.000Z,UAV 3,1
ENCAESAR003,move to,LOC_적북측접근로,21.37585208,-157.73459179,2026-08-03T22:00:00.000Z,UAV 3,3
ENMORT001,FFE-on-Location,LOC_중앙킬존,21.37454920,-157.73726779,2026-08-03T22:00:00.000Z,UAV 3,3
FRM109003,move to,LOC_목표A남측,21.38680864,-157.73465517,2026-08-03T22:00:00.000Z,UAV 3,1
ENMORT002,FFE-on-Location,LOC_남측제1방어선,21.37448557,-157.73696566,2026-08-03T22:00:00.000Z,UAV 3,3
FRMORT003,FFE-on-Location,LOC_적북측접근로,21.39122072,-157.73728393,2026-08-03T22:00:00.000Z,UAV 3,1
FRM109001,move to,LOC_목표A남측,21.38650020,-157.73425927,2026-08-03T22:00:00.000Z,UAV 3,1
ENMORT003,FFE-on-Location,LOC_아군포병진지,21.37448817,-157.73726715,2026-08-03T22:00:00.000Z,UAV 3,3
ENGAZ001,move to,LOC_적북측접근로,21.37325224,-157.73435764,2026-08-03T22:00:18.273Z,UAV 3,3
ENGAZ002,move to,LOC_적북측접근로,21.37333975,-157.73471245,2026-08-03T22:00:18.273Z,UAV 3,3
ENM35002,move to,LOC_적북측접근로,21.37319037,-157.73437575,2026-08-03T22:00:18.273Z,UAV 3,3
ENM35001,move to,LOC_적북측접근로,21.37294871,-157.73465338,2026-08-03T22:00:18.273Z,UAV 3,3
ENGAZ001,move to,LOC_적북측접근로,21.37325224,-157.73435764,2026-08-03T22:00:18.273Z,UAV 3,3
ENGAZ002,move to,LOC_적북측접근로,21.37333975,-157.73471245,2026-08-03T22:00:18.273Z,UAV 3,3
ENM35002,move to,LOC_적북측접근로,21.37319037,-157.73437575,2026-08-03T22:00:18.273Z,UAV 3,3
ENM35001,move to,LOC_적북측접근로,21.37294871,-157.73465338,2026-08-03T22:00:18.273Z,UAV 3,3
ENGAZ001,move to,LOC_적북측접근로,21.37320197,-157.73455078,2026-08-03T22:00:20.356Z,UAV 3,3
ENGAZ002,move to,LOC_적북측접근로,21.37328469,-157.73490502,2026-08-03T22:00:20.356Z,UAV 3,3
ENM35002,move to,LOC_적북측접근로,21.37314113,-157.73457071,2026-08-03T22:00:20.356Z,UAV 3,3
ENM35001,move to,LOC_적북측접근로,21.37290097,-157.73486244,2026-08-03T22:00:20.356Z,UAV 3,3
ENGAZ001,move to,LOC_적북측접근로,21.37320197,-157.73455078,2026-08-03T22:00:20.356Z,UAV 3,3
ENGAZ002,move to,LOC_적북측접근로,21.37328469,-157.73490502,2026-08-03T22:00:20.356Z,UAV 3,3
ENM35002,move to,LOC_적북측접근로,21.37314113,-157.73457071,2026-08-03T22:00:20.356Z,UAV 3,3
ENM35001,move to,LOC_적북측접근로,21.37290097,-157.73486244,2026-08-03T22:00:20.356Z,UAV 3,3
FRM109001,move to,LOC_목표A남측,21.38470026,-157.73961029,2026-08-03T22:01:01.488Z,UAV 3,3
FRM109001,move to,LOC_목표A남측,21.38470026,-157.73961029,2026-08-03T22:01:01.488Z,UAV 3,3
FRM109001,move to,LOC_목표A남측,21.38470026,-157.73961029,2026-08-03T22:01:01.488Z,UAV 3,3
FRM109001,move to,LOC_목표A남측,21.38470026,-157.73961029,2026-08-03T22:01:01.488Z,UAV 3,3
FRM109001,move to,LOC_목표A남측,21.38463380,-157.73979842,2026-08-03T22:01:03.566Z,UAV 3,3
FRAHS001,move to,LOC_목표A남측,21.38457226,-157.74020008,2026-08-03T22:01:03.566Z,UAV 3,3
FRM109003,move to,LOC_목표A남측,21.38483926,-157.74008793,2026-08-03T22:01:03.566Z,UAV 3,3
FRM109001,move to,LOC_목표A남측,21.38463380,-157.73979842,2026-08-03T22:01:03.566Z,UAV 3,3
FRAHS001,move to,LOC_목표A남측,21.38457226,-157.74020008,2026-08-03T22:01:03.566Z,UAV 3,3
FRM109003,move to,LOC_목표A남측,21.38483926,-157.74008793,2026-08-03T22:01:03.566Z,UAV 3,3
FRM109001,move to,LOC_목표A남측,21.38463380,-157.73979842,2026-08-03T22:01:03.566Z,UAV 3,3
FRAHS001,move to,LOC_목표A남측,21.38457226,-157.74020008,2026-08-03T22:01:03.566Z,UAV 3,3
FRM109003,move to,LOC_목표A남측,21.38483926,-157.74008793,2026-08-03T22:01:03.566Z,UAV 3,3
FRM109001,move to,LOC_목표A남측,21.38463380,-157.73979842,2026-08-03T22:01:03.566Z,UAV 3,3
FRAHS001,move to,LOC_목표A남측,21.38457226,-157.74020008,2026-08-03T22:01:03.566Z,UAV 3,3
FRM109003,move to,LOC_목표A남측,21.38483926,-157.74008793,2026-08-03T22:01:03.566Z,UAV 3,3
FRAHS001,move to,LOC_목표A남측,21.38450490,-157.74038704,2026-08-03T22:01:05.666Z,UAV 3,3
FRAHS001,move to,LOC_목표A남측,21.38450490,-157.74038704,2026-08-03T22:01:05.666Z,UAV 3,3
FRAHS001,move to,LOC_목표A남측,21.38450490,-157.74038704,2026-08-03T22:01:05.666Z,UAV 3,3
FRT69002,move to,LOC_중앙킬존남측,21.38072278,-157.73403057,2026-08-03T22:03:51.719Z,UAV 3,3
FRT69001,move to,LOC_중앙킬존남측,21.38090613,-157.73399397,2026-08-03T22:03:51.719Z,UAV 3,3
FRT69003,move to,LOC_중앙킬존남측,21.38103505,-157.73401264,2026-08-03T22:03:51.719Z,UAV 3,3
FRT69002,move to,LOC_중앙킬존남측,21.38072278,-157.73403057,2026-08-03T22:03:51.719Z,UAV 3,3
FRT69001,move to,LOC_중앙킬존남측,21.38090613,-157.73399397,2026-08-03T22:03:51.719Z,UAV 3,3
FRT69003,move to,LOC_중앙킬존남측,21.38103505,-157.73401264,2026-08-03T22:03:51.719Z,UAV 3,3
FRT69002,move to,LOC_중앙킬존남측,21.38072278,-157.73403057,2026-08-03T22:03:51.719Z,UAV 3,3
FRT69001,move to,LOC_중앙킬존남측,21.38090613,-157.73399397,2026-08-03T22:03:51.719Z,UAV 3,3
FRT69003,move to,LOC_중앙킬존남측,21.38103505,-157.73401264,2026-08-03T22:03:51.719Z,UAV 3,3
FRT69002,move to,LOC_중앙킬존남측,21.38072278,-157.73403057,2026-08-03T22:03:51.719Z,UAV 3,3
FRT69001,move to,LOC_중앙킬존남측,21.38090613,-157.73399397,2026-08-03T22:03:51.719Z,UAV 3,3
FRT69003,move to,LOC_중앙킬존남측,21.38103505,-157.73401264,2026-08-03T22:03:51.719Z,UAV 3,3
FRT69002,move to,LOC_중앙킬존남측,21.38072278,-157.73403056,2026-08-03T22:03:53.865Z,UAV 3,3
FRT69001,move to,LOC_중앙킬존남측,21.38090613,-157.73399397,2026-08-03T22:03:53.865Z,UAV 3,3
FRT69003,move to,LOC_중앙킬존남측,21.38103505,-157.73401264,2026-08-03T22:03:53.865Z,UAV 3,3
FRT69002,move to,LOC_중앙킬존남측,21.38072278,-157.73403056,2026-08-03T22:03:53.865Z,UAV 3,3
FRT69001,move to,LOC_중앙킬존남측,21.38090613,-157.73399397,2026-08-03T22:03:53.865Z,UAV 3,3
FRT69003,move to,LOC_중앙킬존남측,21.38103505,-157.73401264,2026-08-03T22:03:53.865Z,UAV 3,3
FRT69002,move to,LOC_중앙킬존남측,21.38072278,-157.73403056,2026-08-03T22:03:53.865Z,UAV 3,3
FRT69001,move to,LOC_중앙킬존남측,21.38090613,-157.73399397,2026-08-03T22:03:53.865Z,UAV 3,3
FRT69003,move to,LOC_중앙킬존남측,21.38103505,-157.73401264,2026-08-03T22:03:53.865Z,UAV 3,3
FRT69002,move to,LOC_중앙킬존남측,21.38072278,-157.73403056,2026-08-03T22:03:53.865Z,UAV 3,3
FRT69001,move to,LOC_중앙킬존남측,21.38090613,-157.73399397,2026-08-03T22:03:53.865Z,UAV 3,3
FRT69003,move to,LOC_중앙킬존남측,21.38103505,-157.73401264,2026-08-03T22:03:53.865Z,UAV 3,3
FRT69002,move to,LOC_중앙킬존남측,21.38072278,-157.73403056,2026-08-03T22:03:53.865Z,UAV 3,3
FRT69001,move to,LOC_중앙킬존남측,21.38090613,-157.73399397,2026-08-03T22:03:53.865Z,UAV 3,3
FRT69003,move to,LOC_중앙킬존남측,21.38103505,-157.73401264,2026-08-03T22:03:53.865Z,UAV 3,3
FRT69002,move to,LOC_중앙킬존남측,21.38072278,-157.73403056,2026-08-03T22:03:55.925Z,UAV 3,3
FRT69001,move to,LOC_중앙킬존남측,21.38090613,-157.73399397,2026-08-03T22:03:55.925Z,UAV 3,3
FRT69003,move to,LOC_중앙킬존남측,21.38103505,-157.73401264,2026-08-03T22:03:55.925Z,UAV 3,3
FRT69004,move to,LOC_중앙킬존남측,21.38075374,-157.73402793,2026-08-03T22:03:55.925Z,UAV 3,3
FRT69002,move to,LOC_중앙킬존남측,21.38072278,-157.73403056,2026-08-03T22:03:55.925Z,UAV 3,3
FRT69001,move to,LOC_중앙킬존남측,21.38090613,-157.73399397,2026-08-03T22:03:55.925Z,UAV 3,3
FRT69003,move to,LOC_중앙킬존남측,21.38103505,-157.73401264,2026-08-03T22:03:55.925Z,UAV 3,3
FRT69004,move to,LOC_중앙킬존남측,21.38075374,-157.73402793,2026-08-03T22:03:55.925Z,UAV 3,3
FRT69002,move to,LOC_중앙킬존남측,21.38072278,-157.73403056,2026-08-03T22:03:55.925Z,UAV 3,3
FRT69001,move to,LOC_중앙킬존남측,21.38090613,-157.73399397,2026-08-03T22:03:55.925Z,UAV 3,3
FRT69003,move to,LOC_중앙킬존남측,21.38103505,-157.73401264,2026-08-03T22:03:55.925Z,UAV 3,3
FRT69004,move to,LOC_중앙킬존남측,21.38075374,-157.73402793,2026-08-03T22:03:55.925Z,UAV 3,3
FRZPU001,none,,21.38648350,-157.73892035,2026-08-03T22:04:10.198Z,UAV 3,1
FRZPU001,none,,21.38648350,-157.73892035,2026-08-03T22:04:10.198Z,UAV 3,1
FRZPU001,none,,21.38648350,-157.73892035,2026-08-03T22:04:10.198Z,UAV 3,1
FRZPU001,none,,21.38648350,-157.73892035,2026-08-03T22:04:10.198Z,UAV 3,1
FRZPU001,none,,21.38648350,-157.73892035,2026-08-03T22:04:10.198Z,UAV 3,1
FRZPU001,none,,21.38648350,-157.73892035,2026-08-03T22:04:12.346Z,UAV 3,1
FRZPU001,none,,21.38648350,-157.73892035,2026-08-03T22:04:12.346Z,UAV 3,1
FRZPU001,none,,21.38648350,-157.73892035,2026-08-03T22:04:12.346Z,UAV 3,1
FRZPU001,none,,21.38648350,-157.73892035,2026-08-03T22:04:12.346Z,UAV 3,1
FRZPU001,none,,21.38648350,-157.73892035,2026-08-03T22:04:12.346Z,UAV 3,1
FRINF020,move to,LOC_중앙킬존,21.38507785,-157.74222914,2026-08-03T22:04:18.373Z,UAV 3,1
FRINF008,move to,LOC_중앙킬존,21.38508181,-157.74225908,2026-08-03T22:04:18.373Z,UAV 3,1
FRINF017,move to,LOC_중앙킬존,21.38500717,-157.74212012,2026-08-03T22:04:18.373Z,UAV 3,1
FRINF005,move to,LOC_중앙킬존,21.38512986,-157.74216693,2026-08-03T22:04:18.373Z,UAV 3,1
FRINF002,move to,LOC_중앙킬존,21.38520435,-157.74205962,2026-08-03T22:04:18.373Z,UAV 3,1
FRINF023,move to,LOC_중앙킬존,21.38518570,-157.74197955,2026-08-03T22:04:18.373Z,UAV 3,1
FRINF021,move to,LOC_중앙킬존,21.38507195,-157.74216173,2026-08-03T22:04:18.373Z,UAV 3,1
FRINF013,move to,LOC_중앙킬존,21.38514742,-157.74212306,2026-08-03T22:04:18.373Z,UAV 3,1
FRINF011,move to,LOC_중앙킬존,21.38519898,-157.74204546,2026-08-03T22:04:18.373Z,UAV 3,1
FRINF009,move to,LOC_중앙킬존,21.38506184,-157.74207064,2026-08-03T22:04:18.373Z,UAV 3,1
FRINF019,move to,LOC_중앙킬존,21.38499665,-157.74220745,2026-08-03T22:04:18.373Z,UAV 3,1
FRINF006,move to,LOC_중앙킬존,21.38522549,-157.74201728,2026-08-03T22:04:18.373Z,UAV 3,1
FRINF018,move to,LOC_중앙킬존,21.38510188,-157.74209070,2026-08-03T22:04:18.373Z,UAV 3,1
FRINF025,move to,LOC_중앙킬존,21.38508238,-157.74224583,2026-08-03T22:04:18.373Z,UAV 3,1
FRINF007,move to,LOC_중앙킬존,21.38515552,-157.74200987,2026-08-03T22:04:18.373Z,UAV 3,1
FRINF014,move to,LOC_중앙킬존,21.38520714,-157.74202062,2026-08-03T22:04:18.373Z,UAV 3,1
FRINF020,move to,LOC_중앙킬존,21.38507785,-157.74222914,2026-08-03T22:04:18.373Z,UAV 3,1
FRINF008,move to,LOC_중앙킬존,21.38508181,-157.74225908,2026-08-03T22:04:18.373Z,UAV 3,1
FRINF017,move to,LOC_중앙킬존,21.38500717,-157.74212012,2026-08-03T22:04:18.373Z,UAV 3,1
FRINF005,move to,LOC_중앙킬존,21.38512986,-157.74216693,2026-08-03T22:04:18.373Z,UAV 3,1
FRINF002,move to,LOC_중앙킬존,21.38520435,-157.74205962,2026-08-03T22:04:18.373Z,UAV 3,1
FRINF023,move to,LOC_중앙킬존,21.38518570,-157.74197955,2026-08-03T22:04:18.373Z,UAV 3,1
FRINF021,move to,LOC_중앙킬존,21.38507195,-157.74216173,2026-08-03T22:04:18.373Z,UAV 3,1
FRINF013,move to,LOC_중앙킬존,21.38514742,-157.74212306,2026-08-03T22:04:18.373Z,UAV 3,1
FRINF011,move to,LOC_중앙킬존,21.38519898,-157.74204546,2026-08-03T22:04:18.373Z,UAV 3,1
FRINF009,move to,LOC_중앙킬존,21.38506184,-157.74207064,2026-08-03T22:04:18.373Z,UAV 3,1
FRINF019,move to,LOC_중앙킬존,21.38499665,-157.74220745,2026-08-03T22:04:18.373Z,UAV 3,1
FRINF006,move to,LOC_중앙킬존,21.38522549,-157.74201728,2026-08-03T22:04:18.373Z,UAV 3,1
FRINF018,move to,LOC_중앙킬존,21.38510188,-157.74209070,2026-08-03T22:04:18.373Z,UAV 3,1
FRINF025,move to,LOC_중앙킬존,21.38508238,-157.74224583,2026-08-03T22:04:18.373Z,UAV 3,1
FRINF007,move to,LOC_중앙킬존,21.38515552,-157.74200987,2026-08-03T22:04:18.373Z,UAV 3,1
FRINF014,move to,LOC_중앙킬존,21.38520714,-157.74202062,2026-08-03T22:04:18.373Z,UAV 3,1
FRINF020,move to,LOC_중앙킬존,21.38507785,-157.74222914,2026-08-03T22:04:18.373Z,UAV 3,1
FRINF008,move to,LOC_중앙킬존,21.38508181,-157.74225908,2026-08-03T22:04:18.373Z,UAV 3,1
FRINF017,move to,LOC_중앙킬존,21.38500717,-157.74212012,2026-08-03T22:04:18.373Z,UAV 3,1
FRINF005,move to,LOC_중앙킬존,21.38512986,-157.74216693,2026-08-03T22:04:18.373Z,UAV 3,1
FRINF002,move to,LOC_중앙킬존,21.38520435,-157.74205962,2026-08-03T22:04:18.373Z,UAV 3,1
FRINF023,move to,LOC_중앙킬존,21.38518570,-157.74197955,2026-08-03T22:04:18.373Z,UAV 3,1
FRINF021,move to,LOC_중앙킬존,21.38507195,-157.74216173,2026-08-03T22:04:18.373Z,UAV 3,1
FRINF013,move to,LOC_중앙킬존,21.38514742,-157.74212306,2026-08-03T22:04:18.373Z,UAV 3,1
FRINF011,move to,LOC_중앙킬존,21.38519898,-157.74204546,2026-08-03T22:04:18.373Z,UAV 3,1
FRINF009,move to,LOC_중앙킬존,21.38506184,-157.74207064,2026-08-03T22:04:18.373Z,UAV 3,1
FRINF019,move to,LOC_중앙킬존,21.38499665,-157.74220745,2026-08-03T22:04:18.373Z,UAV 3,1
FRINF006,move to,LOC_중앙킬존,21.38522549,-157.74201728,2026-08-03T22:04:18.373Z,UAV 3,1
FRINF018,move to,LOC_중앙킬존,21.38510188,-157.74209070,2026-08-03T22:04:18.373Z,UAV 3,1
FRINF025,move to,LOC_중앙킬존,21.38508238,-157.74224583,2026-08-03T22:04:18.373Z,UAV 3,1
FRINF007,move to,LOC_중앙킬존,21.38515552,-157.74200987,2026-08-03T22:04:18.373Z,UAV 3,1
FRINF014,move to,LOC_중앙킬존,21.38520714,-157.74202062,2026-08-03T22:04:18.373Z,UAV 3,1
FRINF020,move to,LOC_중앙킬존,21.38507785,-157.74222914,2026-08-03T22:04:18.373Z,UAV 3,1
FRINF008,move to,LOC_중앙킬존,21.38508181,-157.74225908,2026-08-03T22:04:18.373Z,UAV 3,1
FRINF017,move to,LOC_중앙킬존,21.38500717,-157.74212012,2026-08-03T22:04:18.373Z,UAV 3,1
FRINF005,move to,LOC_중앙킬존,21.38512986,-157.74216693,2026-08-03T22:04:18.373Z,UAV 3,1
FRINF002,move to,LOC_중앙킬존,21.38520435,-157.74205962,2026-08-03T22:04:18.373Z,UAV 3,1
FRINF023,move to,LOC_중앙킬존,21.38518570,-157.74197955,2026-08-03T22:04:18.373Z,UAV 3,1
FRINF021,move to,LOC_중앙킬존,21.38507195,-157.74216173,2026-08-03T22:04:18.373Z,UAV 3,1
FRINF013,move to,LOC_중앙킬존,21.38514742,-157.74212306,2026-08-03T22:04:18.373Z,UAV 3,1
FRINF011,move to,LOC_중앙킬존,21.38519898,-157.74204546,2026-08-03T22:04:18.373Z,UAV 3,1
FRINF009,move to,LOC_중앙킬존,21.38506184,-157.74207064,2026-08-03T22:04:18.373Z,UAV 3,1
FRINF019,move to,LOC_중앙킬존,21.38499665,-157.74220745,2026-08-03T22:04:18.373Z,UAV 3,1
FRINF006,move to,LOC_중앙킬존,21.38522549,-157.74201728,2026-08-03T22:04:18.373Z,UAV 3,1
FRINF018,move to,LOC_중앙킬존,21.38510188,-157.74209070,2026-08-03T22:04:18.373Z,UAV 3,1
FRINF025,move to,LOC_중앙킬존,21.38508238,-157.74224583,2026-08-03T22:04:18.373Z,UAV 3,1
FRINF007,move to,LOC_중앙킬존,21.38515552,-157.74200987,2026-08-03T22:04:18.373Z,UAV 3,1
FRINF014,move to,LOC_중앙킬존,21.38520714,-157.74202062,2026-08-03T22:04:18.373Z,UAV 3,1
FRINF020,move to,LOC_중앙킬존,21.38507785,-157.74222914,2026-08-03T22:04:18.373Z,UAV 3,1
FRINF008,move to,LOC_중앙킬존,21.38508181,-157.74225908,2026-08-03T22:04:18.373Z,UAV 3,1
FRINF017,move to,LOC_중앙킬존,21.38500717,-157.74212012,2026-08-03T22:04:18.373Z,UAV 3,1
FRINF005,move to,LOC_중앙킬존,21.38512986,-157.74216693,2026-08-03T22:04:18.373Z,UAV 3,1
FRINF002,move to,LOC_중앙킬존,21.38520435,-157.74205962,2026-08-03T22:04:18.373Z,UAV 3,1
FRINF023,move to,LOC_중앙킬존,21.38518570,-157.74197955,2026-08-03T22:04:18.373Z,UAV 3,1
FRINF021,move to,LOC_중앙킬존,21.38507195,-157.74216173,2026-08-03T22:04:18.373Z,UAV 3,1
FRINF013,move to,LOC_중앙킬존,21.38514742,-157.74212306,2026-08-03T22:04:18.373Z,UAV 3,1
FRINF011,move to,LOC_중앙킬존,21.38519898,-157.74204546,2026-08-03T22:04:18.373Z,UAV 3,1
FRINF009,move to,LOC_중앙킬존,21.38506184,-157.74207064,2026-08-03T22:04:18.373Z,UAV 3,1
FRINF019,move to,LOC_중앙킬존,21.38499665,-157.74220745,2026-08-03T22:04:18.373Z,UAV 3,1
FRINF006,move to,LOC_중앙킬존,21.38522549,-157.74201728,2026-08-03T22:04:18.373Z,UAV 3,1
FRINF018,move to,LOC_중앙킬존,21.38510188,-157.74209070,2026-08-03T22:04:18.373Z,UAV 3,1
FRINF025,move to,LOC_중앙킬존,21.38508238,-157.74224583,2026-08-03T22:04:18.373Z,UAV 3,1
FRINF007,move to,LOC_중앙킬존,21.38515552,-157.74200987,2026-08-03T22:04:18.373Z,UAV 3,1
FRINF014,move to,LOC_중앙킬존,21.38520714,-157.74202062,2026-08-03T22:04:18.373Z,UAV 3,1
FRINF020,move to,LOC_중앙킬존,21.38506499,-157.74225538,2026-08-03T22:04:20.490Z,UAV 3,1
FRINF008,move to,LOC_중앙킬존,21.38506880,-157.74228525,2026-08-03T22:04:20.490Z,UAV 3,1
FRINF017,move to,LOC_중앙킬존,21.38499534,-157.74214668,2026-08-03T22:04:20.490Z,UAV 3,1
FRINF005,move to,LOC_중앙킬존,21.38511696,-157.74219285,2026-08-03T22:04:20.490Z,UAV 3,1
FRINF002,move to,LOC_중앙킬존,21.38519166,-157.74208474,2026-08-03T22:04:20.490Z,UAV 3,1
FRINF023,move to,LOC_중앙킬존,21.38517339,-157.74200493,2026-08-03T22:04:20.490Z,UAV 3,1
FRINF021,move to,LOC_중앙킬존,21.38505920,-157.74218851,2026-08-03T22:04:20.490Z,UAV 3,1
FRINF013,move to,LOC_중앙킬존,21.38513449,-157.74214911,2026-08-03T22:04:20.490Z,UAV 3,1
FRINF011,move to,LOC_중앙킬존,21.38518637,-157.74207063,2026-08-03T22:04:20.490Z,UAV 3,1
FRINF009,move to,LOC_중앙킬존,21.38504992,-157.74209672,2026-08-03T22:04:20.490Z,UAV 3,1
FRINF019,move to,LOC_중앙킬존,21.38498420,-157.74223476,2026-08-03T22:04:20.490Z,UAV 3,1
FRINF006,move to,LOC_중앙킬존,21.38521277,-157.74204246,2026-08-03T22:04:20.490Z,UAV 3,1
FRINF018,move to,LOC_중앙킬존,21.38508970,-157.74211636,2026-08-03T22:04:20.490Z,UAV 3,1
FRINF025,move to,LOC_중앙킬존,21.38506919,-157.74227249,2026-08-03T22:04:20.490Z,UAV 3,1
FRINF007,move to,LOC_중앙킬존,21.38514333,-157.74203527,2026-08-03T22:04:20.490Z,UAV 3,1
FRINF014,move to,LOC_중앙킬존,21.38519455,-157.74204583,2026-08-03T22:04:20.490Z,UAV 3,1
FRINF015,move to,LOC_중앙킬존,21.38516426,-157.74231865,2026-08-03T22:04:20.490Z,UAV 3,1
FRINF012,move to,LOC_중앙킬존,21.38518223,-157.74220093,2026-08-03T22:04:20.490Z,UAV 3,1
FRINF022,move to,LOC_중앙킬존,21.38512649,-157.74232218,2026-08-03T22:04:20.490Z,UAV 3,1
FRINF001,move to,LOC_중앙킬존,21.38517062,-157.74233709,2026-08-03T22:04:20.490Z,UAV 3,1
FRINF003,move to,LOC_중앙킬존,21.38509089,-157.74239806,2026-08-03T22:04:20.490Z,UAV 3,1
FRAT006,move to,LOC_동측능선,21.38528768,-157.74049473,2026-08-03T22:04:20.490Z,UAV 3,1
FRINF024,move to,LOC_중앙킬존,21.38508145,-157.74239099,2026-08-03T22:04:20.490Z,UAV 3,1
FRINF004,move to,LOC_중앙킬존,21.38514774,-157.74234960,2026-08-03T22:04:20.490Z,UAV 3,1
FRINF020,move to,LOC_중앙킬존,21.38506499,-157.74225538,2026-08-03T22:04:20.490Z,UAV 3,1
FRINF008,move to,LOC_중앙킬존,21.38506880,-157.74228525,2026-08-03T22:04:20.490Z,UAV 3,1
FRINF017,move to,LOC_중앙킬존,21.38499534,-157.74214668,2026-08-03T22:04:20.490Z,UAV 3,1
FRINF005,move to,LOC_중앙킬존,21.38511696,-157.74219285,2026-08-03T22:04:20.490Z,UAV 3,1
FRINF002,move to,LOC_중앙킬존,21.38519166,-157.74208474,2026-08-03T22:04:20.490Z,UAV 3,1
FRINF023,move to,LOC_중앙킬존,21.38517339,-157.74200493,2026-08-03T22:04:20.490Z,UAV 3,1
FRINF021,move to,LOC_중앙킬존,21.38505920,-157.74218851,2026-08-03T22:04:20.490Z,UAV 3,1
FRINF013,move to,LOC_중앙킬존,21.38513449,-157.74214911,2026-08-03T22:04:20.490Z,UAV 3,1
FRINF011,move to,LOC_중앙킬존,21.38518637,-157.74207063,2026-08-03T22:04:20.490Z,UAV 3,1
FRINF009,move to,LOC_중앙킬존,21.38504992,-157.74209672,2026-08-03T22:04:20.490Z,UAV 3,1
FRINF019,move to,LOC_중앙킬존,21.38498420,-157.74223476,2026-08-03T22:04:20.490Z,UAV 3,1
FRINF006,move to,LOC_중앙킬존,21.38521277,-157.74204246,2026-08-03T22:04:20.490Z,UAV 3,1
FRINF018,move to,LOC_중앙킬존,21.38508970,-157.74211636,2026-08-03T22:04:20.490Z,UAV 3,1
FRINF025,move to,LOC_중앙킬존,21.38506919,-157.74227249,2026-08-03T22:04:20.490Z,UAV 3,1
FRINF007,move to,LOC_중앙킬존,21.38514333,-157.74203527,2026-08-03T22:04:20.490Z,UAV 3,1
FRINF014,move to,LOC_중앙킬존,21.38519455,-157.74204583,2026-08-03T22:04:20.490Z,UAV 3,1
FRINF015,move to,LOC_중앙킬존,21.38516426,-157.74231865,2026-08-03T22:04:20.490Z,UAV 3,1
FRINF012,move to,LOC_중앙킬존,21.38518223,-157.74220093,2026-08-03T22:04:20.490Z,UAV 3,1
FRINF022,move to,LOC_중앙킬존,21.38512649,-157.74232218,2026-08-03T22:04:20.490Z,UAV 3,1
FRINF001,move to,LOC_중앙킬존,21.38517062,-157.74233709,2026-08-03T22:04:20.490Z,UAV 3,1
FRINF003,move to,LOC_중앙킬존,21.38509089,-157.74239806,2026-08-03T22:04:20.490Z,UAV 3,1
FRAT006,move to,LOC_동측능선,21.38528768,-157.74049473,2026-08-03T22:04:20.490Z,UAV 3,1
FRINF024,move to,LOC_중앙킬존,21.38508145,-157.74239099,2026-08-03T22:04:20.490Z,UAV 3,1
FRINF004,move to,LOC_중앙킬존,21.38514774,-157.74234960,2026-08-03T22:04:20.490Z,UAV 3,1
FRINF020,move to,LOC_중앙킬존,21.38506499,-157.74225538,2026-08-03T22:04:20.490Z,UAV 3,1
FRINF008,move to,LOC_중앙킬존,21.38506880,-157.74228525,2026-08-03T22:04:20.490Z,UAV 3,1
FRINF017,move to,LOC_중앙킬존,21.38499534,-157.74214668,2026-08-03T22:04:20.490Z,UAV 3,1
FRINF005,move to,LOC_중앙킬존,21.38511696,-157.74219285,2026-08-03T22:04:20.490Z,UAV 3,1
FRINF002,move to,LOC_중앙킬존,21.38519166,-157.74208474,2026-08-03T22:04:20.490Z,UAV 3,1
FRINF023,move to,LOC_중앙킬존,21.38517339,-157.74200493,2026-08-03T22:04:20.490Z,UAV 3,1
FRINF021,move to,LOC_중앙킬존,21.38505920,-157.74218851,2026-08-03T22:04:20.490Z,UAV 3,1
FRINF013,move to,LOC_중앙킬존,21.38513449,-157.74214911,2026-08-03T22:04:20.490Z,UAV 3,1
FRINF011,move to,LOC_중앙킬존,21.38518637,-157.74207063,2026-08-03T22:04:20.490Z,UAV 3,1
FRINF009,move to,LOC_중앙킬존,21.38504992,-157.74209672,2026-08-03T22:04:20.490Z,UAV 3,1
FRINF019,move to,LOC_중앙킬존,21.38498420,-157.74223476,2026-08-03T22:04:20.490Z,UAV 3,1
FRINF006,move to,LOC_중앙킬존,21.38521277,-157.74204246,2026-08-03T22:04:20.490Z,UAV 3,1
FRINF018,move to,LOC_중앙킬존,21.38508970,-157.74211636,2026-08-03T22:04:20.490Z,UAV 3,1
FRINF025,move to,LOC_중앙킬존,21.38506919,-157.74227249,2026-08-03T22:04:20.490Z,UAV 3,1
FRINF007,move to,LOC_중앙킬존,21.38514333,-157.74203527,2026-08-03T22:04:20.490Z,UAV 3,1
FRINF014,move to,LOC_중앙킬존,21.38519455,-157.74204583,2026-08-03T22:04:20.490Z,UAV 3,1
FRINF015,move to,LOC_중앙킬존,21.38516426,-157.74231865,2026-08-03T22:04:20.490Z,UAV 3,1
FRINF012,move to,LOC_중앙킬존,21.38518223,-157.74220093,2026-08-03T22:04:20.490Z,UAV 3,1
FRINF022,move to,LOC_중앙킬존,21.38512649,-157.74232218,2026-08-03T22:04:20.490Z,UAV 3,1
FRINF001,move to,LOC_중앙킬존,21.38517062,-157.74233709,2026-08-03T22:04:20.490Z,UAV 3,1
FRINF003,move to,LOC_중앙킬존,21.38509089,-157.74239806,2026-08-03T22:04:20.490Z,UAV 3,1
FRAT006,move to,LOC_동측능선,21.38528768,-157.74049473,2026-08-03T22:04:20.490Z,UAV 3,1
FRINF024,move to,LOC_중앙킬존,21.38508145,-157.74239099,2026-08-03T22:04:20.490Z,UAV 3,1
FRINF004,move to,LOC_중앙킬존,21.38514774,-157.74234960,2026-08-03T22:04:20.490Z,UAV 3,1
FRINF020,move to,LOC_중앙킬존,21.38506499,-157.74225538,2026-08-03T22:04:20.490Z,UAV 3,1
FRINF008,move to,LOC_중앙킬존,21.38506880,-157.74228525,2026-08-03T22:04:20.490Z,UAV 3,1
FRINF017,move to,LOC_중앙킬존,21.38499534,-157.74214668,2026-08-03T22:04:20.490Z,UAV 3,1
FRINF005,move to,LOC_중앙킬존,21.38511696,-157.74219285,2026-08-03T22:04:20.490Z,UAV 3,1
FRINF002,move to,LOC_중앙킬존,21.38519166,-157.74208474,2026-08-03T22:04:20.490Z,UAV 3,1
FRINF023,move to,LOC_중앙킬존,21.38517339,-157.74200493,2026-08-03T22:04:20.490Z,UAV 3,1
FRINF021,move to,LOC_중앙킬존,21.38505920,-157.74218851,2026-08-03T22:04:20.490Z,UAV 3,1
FRINF013,move to,LOC_중앙킬존,21.38513449,-157.74214911,2026-08-03T22:04:20.490Z,UAV 3,1
FRINF011,move to,LOC_중앙킬존,21.38518637,-157.74207063,2026-08-03T22:04:20.490Z,UAV 3,1
FRINF009,move to,LOC_중앙킬존,21.38504992,-157.74209672,2026-08-03T22:04:20.490Z,UAV 3,1
FRINF019,move to,LOC_중앙킬존,21.38498420,-157.74223476,2026-08-03T22:04:20.490Z,UAV 3,1
FRINF006,move to,LOC_중앙킬존,21.38521277,-157.74204246,2026-08-03T22:04:20.490Z,UAV 3,1
FRINF018,move to,LOC_중앙킬존,21.38508970,-157.74211636,2026-08-03T22:04:20.490Z,UAV 3,1
FRINF025,move to,LOC_중앙킬존,21.38506919,-157.74227249,2026-08-03T22:04:20.490Z,UAV 3,1
FRINF007,move to,LOC_중앙킬존,21.38514333,-157.74203527,2026-08-03T22:04:20.490Z,UAV 3,1
FRINF014,move to,LOC_중앙킬존,21.38519455,-157.74204583,2026-08-03T22:04:20.490Z,UAV 3,1
FRINF015,move to,LOC_중앙킬존,21.38516426,-157.74231865,2026-08-03T22:04:20.490Z,UAV 3,1
FRINF012,move to,LOC_중앙킬존,21.38518223,-157.74220093,2026-08-03T22:04:20.490Z,UAV 3,1
FRINF022,move to,LOC_중앙킬존,21.38512649,-157.74232218,2026-08-03T22:04:20.490Z,UAV 3,1
FRINF001,move to,LOC_중앙킬존,21.38517062,-157.74233709,2026-08-03T22:04:20.490Z,UAV 3,1
FRINF003,move to,LOC_중앙킬존,21.38509089,-157.74239806,2026-08-03T22:04:20.490Z,UAV 3,1
FRAT006,move to,LOC_동측능선,21.38528768,-157.74049473,2026-08-03T22:04:20.490Z,UAV 3,1
FRINF024,move to,LOC_중앙킬존,21.38508145,-157.74239099,2026-08-03T22:04:20.490Z,UAV 3,1
FRINF004,move to,LOC_중앙킬존,21.38514774,-157.74234960,2026-08-03T22:04:20.490Z,UAV 3,1
FRINF020,move to,LOC_중앙킬존,21.38505287,-157.74228011,2026-08-03T22:04:22.415Z,UAV 3,1
FRINF008,move to,LOC_중앙킬존,21.38505650,-157.74231000,2026-08-03T22:04:22.415Z,UAV 3,1
FRINF017,move to,LOC_중앙킬존,21.38498408,-157.74217195,2026-08-03T22:04:22.415Z,UAV 3,1
FRINF005,move to,LOC_중앙킬존,21.38510481,-157.74221725,2026-08-03T22:04:22.415Z,UAV 3,1
FRINF002,move to,LOC_중앙킬존,21.38518015,-157.74210753,2026-08-03T22:04:22.415Z,UAV 3,1
FRINF023,move to,LOC_중앙킬존,21.38516222,-157.74202795,2026-08-03T22:04:22.415Z,UAV 3,1
FRINF021,move to,LOC_중앙킬존,21.38504753,-157.74221304,2026-08-03T22:04:22.415Z,UAV 3,1
FRINF013,move to,LOC_중앙킬존,21.38512259,-157.74217308,2026-08-03T22:04:22.415Z,UAV 3,1
FRINF011,move to,LOC_중앙킬존,21.38517494,-157.74209346,2026-08-03T22:04:22.415Z,UAV 3,1
FRINF009,move to,LOC_중앙킬존,21.38503905,-157.74212049,2026-08-03T22:04:22.415Z,UAV 3,1
FRINF019,move to,LOC_중앙킬존,21.38497286,-157.74225961,2026-08-03T22:04:22.415Z,UAV 3,1
FRINF006,move to,LOC_중앙킬존,21.38520122,-157.74206532,2026-08-03T22:04:22.415Z,UAV 3,1
FRINF018,move to,LOC_중앙킬존,21.38507842,-157.74214013,2026-08-03T22:04:22.415Z,UAV 3,1
FRINF025,move to,LOC_중앙킬존,21.38505717,-157.74229677,2026-08-03T22:04:22.415Z,UAV 3,1
FRINF007,move to,LOC_중앙킬존,21.38513218,-157.74205852,2026-08-03T22:04:22.415Z,UAV 3,1
FRINF014,move to,LOC_중앙킬존,21.38518312,-157.74206872,2026-08-03T22:04:22.415Z,UAV 3,1
FRINF015,move to,LOC_중앙킬존,21.38515109,-157.74234301,2026-08-03T22:04:22.415Z,UAV 3,1
FRINF012,move to,LOC_중앙킬존,21.38516999,-157.74222432,2026-08-03T22:04:22.415Z,UAV 3,1
FRINF022,move to,LOC_중앙킬존,21.38511373,-157.74234642,2026-08-03T22:04:22.415Z,UAV 3,1
FRINF001,move to,LOC_중앙킬존,21.38515754,-157.74236102,2026-08-03T22:04:22.415Z,UAV 3,1
FRINF003,move to,LOC_중앙킬존,21.38507808,-157.74242231,2026-08-03T22:04:22.415Z,UAV 3,1
FRINF024,move to,LOC_중앙킬존,21.38506874,-157.74241530,2026-08-03T22:04:22.415Z,UAV 3,1
FRINF004,move to,LOC_중앙킬존,21.38513473,-157.74237368,2026-08-03T22:04:22.415Z,UAV 3,1
FRINF020,move to,LOC_중앙킬존,21.38505287,-157.74228011,2026-08-03T22:04:22.415Z,UAV 3,1
FRINF008,move to,LOC_중앙킬존,21.38505650,-157.74231000,2026-08-03T22:04:22.415Z,UAV 3,1
FRINF017,move to,LOC_중앙킬존,21.38498408,-157.74217195,2026-08-03T22:04:22.415Z,UAV 3,1
FRINF005,move to,LOC_중앙킬존,21.38510481,-157.74221725,2026-08-03T22:04:22.415Z,UAV 3,1
FRINF002,move to,LOC_중앙킬존,21.38518015,-157.74210753,2026-08-03T22:04:22.415Z,UAV 3,1
FRINF023,move to,LOC_중앙킬존,21.38516222,-157.74202795,2026-08-03T22:04:22.415Z,UAV 3,1
FRINF021,move to,LOC_중앙킬존,21.38504753,-157.74221304,2026-08-03T22:04:22.415Z,UAV 3,1
FRINF013,move to,LOC_중앙킬존,21.38512259,-157.74217308,2026-08-03T22:04:22.415Z,UAV 3,1
FRINF011,move to,LOC_중앙킬존,21.38517494,-157.74209346,2026-08-03T22:04:22.415Z,UAV 3,1
FRINF009,move to,LOC_중앙킬존,21.38503905,-157.74212049,2026-08-03T22:04:22.415Z,UAV 3,1
FRINF019,move to,LOC_중앙킬존,21.38497286,-157.74225961,2026-08-03T22:04:22.415Z,UAV 3,1
FRINF006,move to,LOC_중앙킬존,21.38520122,-157.74206532,2026-08-03T22:04:22.415Z,UAV 3,1
FRINF018,move to,LOC_중앙킬존,21.38507842,-157.74214013,2026-08-03T22:04:22.415Z,UAV 3,1
FRINF025,move to,LOC_중앙킬존,21.38505717,-157.74229677,2026-08-03T22:04:22.415Z,UAV 3,1
FRINF007,move to,LOC_중앙킬존,21.38513218,-157.74205852,2026-08-03T22:04:22.415Z,UAV 3,1
FRINF014,move to,LOC_중앙킬존,21.38518312,-157.74206872,2026-08-03T22:04:22.415Z,UAV 3,1
FRINF015,move to,LOC_중앙킬존,21.38515109,-157.74234301,2026-08-03T22:04:22.415Z,UAV 3,1
FRINF012,move to,LOC_중앙킬존,21.38516999,-157.74222432,2026-08-03T22:04:22.415Z,UAV 3,1
FRINF022,move to,LOC_중앙킬존,21.38511373,-157.74234642,2026-08-03T22:04:22.415Z,UAV 3,1
FRINF001,move to,LOC_중앙킬존,21.38515754,-157.74236102,2026-08-03T22:04:22.415Z,UAV 3,1
FRINF003,move to,LOC_중앙킬존,21.38507808,-157.74242231,2026-08-03T22:04:22.415Z,UAV 3,1
FRINF024,move to,LOC_중앙킬존,21.38506874,-157.74241530,2026-08-03T22:04:22.415Z,UAV 3,1
FRINF004,move to,LOC_중앙킬존,21.38513473,-157.74237368,2026-08-03T22:04:22.415Z,UAV 3,1
FRINF020,move to,LOC_중앙킬존,21.38505287,-157.74228011,2026-08-03T22:04:22.415Z,UAV 3,1
FRINF008,move to,LOC_중앙킬존,21.38505650,-157.74231000,2026-08-03T22:04:22.415Z,UAV 3,1
FRINF017,move to,LOC_중앙킬존,21.38498408,-157.74217195,2026-08-03T22:04:22.415Z,UAV 3,1
FRINF005,move to,LOC_중앙킬존,21.38510481,-157.74221725,2026-08-03T22:04:22.415Z,UAV 3,1
FRINF002,move to,LOC_중앙킬존,21.38518015,-157.74210753,2026-08-03T22:04:22.415Z,UAV 3,1
FRINF023,move to,LOC_중앙킬존,21.38516222,-157.74202795,2026-08-03T22:04:22.415Z,UAV 3,1
FRINF021,move to,LOC_중앙킬존,21.38504753,-157.74221304,2026-08-03T22:04:22.415Z,UAV 3,1
FRINF013,move to,LOC_중앙킬존,21.38512259,-157.74217308,2026-08-03T22:04:22.415Z,UAV 3,1
FRINF011,move to,LOC_중앙킬존,21.38517494,-157.74209346,2026-08-03T22:04:22.415Z,UAV 3,1
FRINF009,move to,LOC_중앙킬존,21.38503905,-157.74212049,2026-08-03T22:04:22.415Z,UAV 3,1
FRINF019,move to,LOC_중앙킬존,21.38497286,-157.74225961,2026-08-03T22:04:22.415Z,UAV 3,1
FRINF006,move to,LOC_중앙킬존,21.38520122,-157.74206532,2026-08-03T22:04:22.415Z,UAV 3,1
FRINF018,move to,LOC_중앙킬존,21.38507842,-157.74214013,2026-08-03T22:04:22.415Z,UAV 3,1
FRINF025,move to,LOC_중앙킬존,21.38505717,-157.74229677,2026-08-03T22:04:22.415Z,UAV 3,1
FRINF007,move to,LOC_중앙킬존,21.38513218,-157.74205852,2026-08-03T22:04:22.415Z,UAV 3,1
FRINF014,move to,LOC_중앙킬존,21.38518312,-157.74206872,2026-08-03T22:04:22.415Z,UAV 3,1
FRINF015,move to,LOC_중앙킬존,21.38515109,-157.74234301,2026-08-03T22:04:22.415Z,UAV 3,1
FRINF012,move to,LOC_중앙킬존,21.38516999,-157.74222432,2026-08-03T22:04:22.415Z,UAV 3,1
FRINF022,move to,LOC_중앙킬존,21.38511373,-157.74234642,2026-08-03T22:04:22.415Z,UAV 3,1
FRINF001,move to,LOC_중앙킬존,21.38515754,-157.74236102,2026-08-03T22:04:22.415Z,UAV 3,1
FRINF003,move to,LOC_중앙킬존,21.38507808,-157.74242231,2026-08-03T22:04:22.415Z,UAV 3,1
FRINF024,move to,LOC_중앙킬존,21.38506874,-157.74241530,2026-08-03T22:04:22.415Z,UAV 3,1
FRINF004,move to,LOC_중앙킬존,21.38513473,-157.74237368,2026-08-03T22:04:22.415Z,UAV 3,1
FRINF020,move to,LOC_중앙킬존,21.38505287,-157.74228011,2026-08-03T22:04:22.415Z,UAV 3,1
FRINF008,move to,LOC_중앙킬존,21.38505650,-157.74231000,2026-08-03T22:04:22.415Z,UAV 3,1
FRINF017,move to,LOC_중앙킬존,21.38498408,-157.74217195,2026-08-03T22:04:22.415Z,UAV 3,1
FRINF005,move to,LOC_중앙킬존,21.38510481,-157.74221725,2026-08-03T22:04:22.415Z,UAV 3,1
FRINF002,move to,LOC_중앙킬존,21.38518015,-157.74210753,2026-08-03T22:04:22.415Z,UAV 3,1
FRINF023,move to,LOC_중앙킬존,21.38516222,-157.74202795,2026-08-03T22:04:22.415Z,UAV 3,1
FRINF021,move to,LOC_중앙킬존,21.38504753,-157.74221304,2026-08-03T22:04:22.415Z,UAV 3,1
FRINF013,move to,LOC_중앙킬존,21.38512259,-157.74217308,2026-08-03T22:04:22.415Z,UAV 3,1
FRINF011,move to,LOC_중앙킬존,21.38517494,-157.74209346,2026-08-03T22:04:22.415Z,UAV 3,1
FRINF009,move to,LOC_중앙킬존,21.38503905,-157.74212049,2026-08-03T22:04:22.415Z,UAV 3,1
FRINF019,move to,LOC_중앙킬존,21.38497286,-157.74225961,2026-08-03T22:04:22.415Z,UAV 3,1
FRINF006,move to,LOC_중앙킬존,21.38520122,-157.74206532,2026-08-03T22:04:22.415Z,UAV 3,1
FRINF018,move to,LOC_중앙킬존,21.38507842,-157.74214013,2026-08-03T22:04:22.415Z,UAV 3,1
FRINF025,move to,LOC_중앙킬존,21.38505717,-157.74229677,2026-08-03T22:04:22.415Z,UAV 3,1
FRINF007,move to,LOC_중앙킬존,21.38513218,-157.74205852,2026-08-03T22:04:22.415Z,UAV 3,1
FRINF014,move to,LOC_중앙킬존,21.38518312,-157.74206872,2026-08-03T22:04:22.415Z,UAV 3,1
FRINF015,move to,LOC_중앙킬존,21.38515109,-157.74234301,2026-08-03T22:04:22.415Z,UAV 3,1
FRINF012,move to,LOC_중앙킬존,21.38516999,-157.74222432,2026-08-03T22:04:22.415Z,UAV 3,1
FRINF022,move to,LOC_중앙킬존,21.38511373,-157.74234642,2026-08-03T22:04:22.415Z,UAV 3,1
FRINF001,move to,LOC_중앙킬존,21.38515754,-157.74236102,2026-08-03T22:04:22.415Z,UAV 3,1
FRINF003,move to,LOC_중앙킬존,21.38507808,-157.74242231,2026-08-03T22:04:22.415Z,UAV 3,1
FRINF024,move to,LOC_중앙킬존,21.38506874,-157.74241530,2026-08-03T22:04:22.415Z,UAV 3,1
FRINF004,move to,LOC_중앙킬존,21.38513473,-157.74237368,2026-08-03T22:04:22.415Z,UAV 3,1
FRINF020,move to,LOC_중앙킬존,21.38505287,-157.74228011,2026-08-03T22:04:22.415Z,UAV 3,1
FRINF008,move to,LOC_중앙킬존,21.38505650,-157.74231000,2026-08-03T22:04:22.415Z,UAV 3,1
FRINF017,move to,LOC_중앙킬존,21.38498408,-157.74217195,2026-08-03T22:04:22.415Z,UAV 3,1
FRINF005,move to,LOC_중앙킬존,21.38510481,-157.74221725,2026-08-03T22:04:22.415Z,UAV 3,1
FRINF002,move to,LOC_중앙킬존,21.38518015,-157.74210753,2026-08-03T22:04:22.415Z,UAV 3,1
FRINF023,move to,LOC_중앙킬존,21.38516222,-157.74202795,2026-08-03T22:04:22.415Z,UAV 3,1
FRINF021,move to,LOC_중앙킬존,21.38504753,-157.74221304,2026-08-03T22:04:22.415Z,UAV 3,1
FRINF013,move to,LOC_중앙킬존,21.38512259,-157.74217308,2026-08-03T22:04:22.415Z,UAV 3,1
FRINF011,move to,LOC_중앙킬존,21.38517494,-157.74209346,2026-08-03T22:04:22.415Z,UAV 3,1
FRINF009,move to,LOC_중앙킬존,21.38503905,-157.74212049,2026-08-03T22:04:22.415Z,UAV 3,1
FRINF019,move to,LOC_중앙킬존,21.38497286,-157.74225961,2026-08-03T22:04:22.415Z,UAV 3,1
FRINF006,move to,LOC_중앙킬존,21.38520122,-157.74206532,2026-08-03T22:04:22.415Z,UAV 3,1
FRINF018,move to,LOC_중앙킬존,21.38507842,-157.74214013,2026-08-03T22:04:22.415Z,UAV 3,1
FRINF025,move to,LOC_중앙킬존,21.38505717,-157.74229677,2026-08-03T22:04:22.415Z,UAV 3,1
FRINF007,move to,LOC_중앙킬존,21.38513218,-157.74205852,2026-08-03T22:04:22.415Z,UAV 3,1
FRINF014,move to,LOC_중앙킬존,21.38518312,-157.74206872,2026-08-03T22:04:22.415Z,UAV 3,1
FRINF015,move to,LOC_중앙킬존,21.38515109,-157.74234301,2026-08-03T22:04:22.415Z,UAV 3,1
FRINF012,move to,LOC_중앙킬존,21.38516999,-157.74222432,2026-08-03T22:04:22.415Z,UAV 3,1
FRINF022,move to,LOC_중앙킬존,21.38511373,-157.74234642,2026-08-03T22:04:22.415Z,UAV 3,1
FRINF001,move to,LOC_중앙킬존,21.38515754,-157.74236102,2026-08-03T22:04:22.415Z,UAV 3,1
FRINF003,move to,LOC_중앙킬존,21.38507808,-157.74242231,2026-08-03T22:04:22.415Z,UAV 3,1
FRINF024,move to,LOC_중앙킬존,21.38506874,-157.74241530,2026-08-03T22:04:22.415Z,UAV 3,1
FRINF004,move to,LOC_중앙킬존,21.38513473,-157.74237368,2026-08-03T22:04:22.415Z,UAV 3,1
FRINF020,move to,LOC_중앙킬존,21.38503980,-157.74230680,2026-08-03T22:04:24.539Z,UAV 3,2
FRINF008,move to,LOC_중앙킬존,21.38504319,-157.74233679,2026-08-03T22:04:24.539Z,UAV 3,2
FRINF017,move to,LOC_중앙킬존,21.38497198,-157.74219910,2026-08-03T22:04:24.539Z,UAV 3,2
FRINF005,move to,LOC_중앙킬존,21.38509172,-157.74224354,2026-08-03T22:04:24.539Z,UAV 3,2
FRINF002,move to,LOC_중앙킬존,21.38516741,-157.74213274,2026-08-03T22:04:24.539Z,UAV 3,2
FRINF023,move to,LOC_중앙킬존,21.38514991,-157.74205333,2026-08-03T22:04:24.539Z,UAV 3,2
FRINF021,move to,LOC_중앙킬존,21.38503462,-157.74224015,2026-08-03T22:04:24.539Z,UAV 3,2
FRINF013,move to,LOC_중앙킬존,21.38510943,-157.74219960,2026-08-03T22:04:24.539Z,UAV 3,2
FRINF011,move to,LOC_중앙킬존,21.38516233,-157.74211862,2026-08-03T22:04:24.539Z,UAV 3,2
FRINF009,move to,LOC_중앙킬존,21.38502673,-157.74214743,2026-08-03T22:04:24.539Z,UAV 3,2
FRINF019,move to,LOC_중앙킬존,21.38496033,-157.74228708,2026-08-03T22:04:24.539Z,UAV 3,2
FRINF006,move to,LOC_중앙킬존,21.38518850,-157.74209051,2026-08-03T22:04:24.539Z,UAV 3,2
FRINF018,move to,LOC_중앙킬존,21.38506568,-157.74216699,2026-08-03T22:04:24.539Z,UAV 3,2
FRINF025,move to,LOC_중앙킬존,21.38504375,-157.74232390,2026-08-03T22:04:24.539Z,UAV 3,2
FRINF007,move to,LOC_중앙킬존,21.38511986,-157.74208419,2026-08-03T22:04:24.539Z,UAV 3,2
FRINF014,move to,LOC_중앙킬존,21.38517053,-157.74209394,2026-08-03T22:04:24.539Z,UAV 3,2
FRINF015,move to,LOC_중앙킬존,21.38513693,-157.74236923,2026-08-03T22:04:24.539Z,UAV 3,1
FRINF012,move to,LOC_중앙킬존,21.38515641,-157.74225027,2026-08-03T22:04:24.539Z,UAV 3,1
FRINF022,move to,LOC_중앙킬존,21.38509964,-157.74237319,2026-08-03T22:04:24.539Z,UAV 3,1
FRINF001,move to,LOC_중앙킬존,21.38514307,-157.74238748,2026-08-03T22:04:24.539Z,UAV 3,1
FRINF003,move to,LOC_중앙킬존,21.38506395,-157.74244907,2026-08-03T22:04:24.539Z,UAV 3,1
FRINF024,move to,LOC_중앙킬존,21.38505472,-157.74244211,2026-08-03T22:04:24.539Z,UAV 3,1
FRINF004,move to,LOC_중앙킬존,21.38512036,-157.74240027,2026-08-03T22:04:24.539Z,UAV 3,1
FRINF020,move to,LOC_중앙킬존,21.38503980,-157.74230680,2026-08-03T22:04:24.539Z,UAV 3,2
FRINF008,move to,LOC_중앙킬존,21.38504319,-157.74233679,2026-08-03T22:04:24.539Z,UAV 3,2
FRINF017,move to,LOC_중앙킬존,21.38497198,-157.74219910,2026-08-03T22:04:24.539Z,UAV 3,2
FRINF005,move to,LOC_중앙킬존,21.38509172,-157.74224354,2026-08-03T22:04:24.539Z,UAV 3,2
FRINF002,move to,LOC_중앙킬존,21.38516741,-157.74213274,2026-08-03T22:04:24.539Z,UAV 3,2
FRINF023,move to,LOC_중앙킬존,21.38514991,-157.74205333,2026-08-03T22:04:24.539Z,UAV 3,2
FRINF021,move to,LOC_중앙킬존,21.38503462,-157.74224015,2026-08-03T22:04:24.539Z,UAV 3,2
FRINF013,move to,LOC_중앙킬존,21.38510943,-157.74219960,2026-08-03T22:04:24.539Z,UAV 3,2
FRINF011,move to,LOC_중앙킬존,21.38516233,-157.74211862,2026-08-03T22:04:24.539Z,UAV 3,2
FRINF009,move to,LOC_중앙킬존,21.38502673,-157.74214743,2026-08-03T22:04:24.539Z,UAV 3,2
FRINF019,move to,LOC_중앙킬존,21.38496033,-157.74228708,2026-08-03T22:04:24.539Z,UAV 3,2
FRINF006,move to,LOC_중앙킬존,21.38518850,-157.74209051,2026-08-03T22:04:24.539Z,UAV 3,2
FRINF018,move to,LOC_중앙킬존,21.38506568,-157.74216699,2026-08-03T22:04:24.539Z,UAV 3,2
FRINF025,move to,LOC_중앙킬존,21.38504375,-157.74232390,2026-08-03T22:04:24.539Z,UAV 3,2
FRINF007,move to,LOC_중앙킬존,21.38511986,-157.74208419,2026-08-03T22:04:24.539Z,UAV 3,2
FRINF014,move to,LOC_중앙킬존,21.38517053,-157.74209394,2026-08-03T22:04:24.539Z,UAV 3,2
FRINF015,move to,LOC_중앙킬존,21.38513693,-157.74236923,2026-08-03T22:04:24.539Z,UAV 3,1
FRINF012,move to,LOC_중앙킬존,21.38515641,-157.74225027,2026-08-03T22:04:24.539Z,UAV 3,1
FRINF022,move to,LOC_중앙킬존,21.38509964,-157.74237319,2026-08-03T22:04:24.539Z,UAV 3,1
FRINF001,move to,LOC_중앙킬존,21.38514307,-157.74238748,2026-08-03T22:04:24.539Z,UAV 3,1
FRINF003,move to,LOC_중앙킬존,21.38506395,-157.74244907,2026-08-03T22:04:24.539Z,UAV 3,1
FRINF024,move to,LOC_중앙킬존,21.38505472,-157.74244211,2026-08-03T22:04:24.539Z,UAV 3,1
FRINF004,move to,LOC_중앙킬존,21.38512036,-157.74240027,2026-08-03T22:04:24.539Z,UAV 3,1
FRINF020,move to,LOC_중앙킬존,21.38503980,-157.74230680,2026-08-03T22:04:24.539Z,UAV 3,2
FRINF008,move to,LOC_중앙킬존,21.38504319,-157.74233679,2026-08-03T22:04:24.539Z,UAV 3,2
FRINF017,move to,LOC_중앙킬존,21.38497198,-157.74219910,2026-08-03T22:04:24.539Z,UAV 3,2
FRINF005,move to,LOC_중앙킬존,21.38509172,-157.74224354,2026-08-03T22:04:24.539Z,UAV 3,2
FRINF002,move to,LOC_중앙킬존,21.38516741,-157.74213274,2026-08-03T22:04:24.539Z,UAV 3,2
FRINF023,move to,LOC_중앙킬존,21.38514991,-157.74205333,2026-08-03T22:04:24.539Z,UAV 3,2
FRINF021,move to,LOC_중앙킬존,21.38503462,-157.74224015,2026-08-03T22:04:24.539Z,UAV 3,2
FRINF013,move to,LOC_중앙킬존,21.38510943,-157.74219960,2026-08-03T22:04:24.539Z,UAV 3,2
FRINF011,move to,LOC_중앙킬존,21.38516233,-157.74211862,2026-08-03T22:04:24.539Z,UAV 3,2
FRINF009,move to,LOC_중앙킬존,21.38502673,-157.74214743,2026-08-03T22:04:24.539Z,UAV 3,2
FRINF019,move to,LOC_중앙킬존,21.38496033,-157.74228708,2026-08-03T22:04:24.539Z,UAV 3,2
FRINF006,move to,LOC_중앙킬존,21.38518850,-157.74209051,2026-08-03T22:04:24.539Z,UAV 3,2
FRINF018,move to,LOC_중앙킬존,21.38506568,-157.74216699,2026-08-03T22:04:24.539Z,UAV 3,2
FRINF025,move to,LOC_중앙킬존,21.38504375,-157.74232390,2026-08-03T22:04:24.539Z,UAV 3,2
FRINF007,move to,LOC_중앙킬존,21.38511986,-157.74208419,2026-08-03T22:04:24.539Z,UAV 3,2
FRINF014,move to,LOC_중앙킬존,21.38517053,-157.74209394,2026-08-03T22:04:24.539Z,UAV 3,2
FRINF015,move to,LOC_중앙킬존,21.38513693,-157.74236923,2026-08-03T22:04:24.539Z,UAV 3,1
FRINF012,move to,LOC_중앙킬존,21.38515641,-157.74225027,2026-08-03T22:04:24.539Z,UAV 3,1
FRINF022,move to,LOC_중앙킬존,21.38509964,-157.74237319,2026-08-03T22:04:24.539Z,UAV 3,1
FRINF001,move to,LOC_중앙킬존,21.38514307,-157.74238748,2026-08-03T22:04:24.539Z,UAV 3,1
FRINF003,move to,LOC_중앙킬존,21.38506395,-157.74244907,2026-08-03T22:04:24.539Z,UAV 3,1
FRINF024,move to,LOC_중앙킬존,21.38505472,-157.74244211,2026-08-03T22:04:24.539Z,UAV 3,1
FRINF004,move to,LOC_중앙킬존,21.38512036,-157.74240027,2026-08-03T22:04:24.539Z,UAV 3,1
FRINF020,move to,LOC_중앙킬존,21.38503980,-157.74230680,2026-08-03T22:04:24.539Z,UAV 3,2
FRINF008,move to,LOC_중앙킬존,21.38504319,-157.74233679,2026-08-03T22:04:24.539Z,UAV 3,2
FRINF017,move to,LOC_중앙킬존,21.38497198,-157.74219910,2026-08-03T22:04:24.539Z,UAV 3,2
FRINF005,move to,LOC_중앙킬존,21.38509172,-157.74224354,2026-08-03T22:04:24.539Z,UAV 3,2
FRINF002,move to,LOC_중앙킬존,21.38516741,-157.74213274,2026-08-03T22:04:24.539Z,UAV 3,2
FRINF023,move to,LOC_중앙킬존,21.38514991,-157.74205333,2026-08-03T22:04:24.539Z,UAV 3,2
FRINF021,move to,LOC_중앙킬존,21.38503462,-157.74224015,2026-08-03T22:04:24.539Z,UAV 3,2
FRINF013,move to,LOC_중앙킬존,21.38510943,-157.74219960,2026-08-03T22:04:24.539Z,UAV 3,2
FRINF011,move to,LOC_중앙킬존,21.38516233,-157.74211862,2026-08-03T22:04:24.539Z,UAV 3,2
FRINF009,move to,LOC_중앙킬존,21.38502673,-157.74214743,2026-08-03T22:04:24.539Z,UAV 3,2
FRINF019,move to,LOC_중앙킬존,21.38496033,-157.74228708,2026-08-03T22:04:24.539Z,UAV 3,2
FRINF006,move to,LOC_중앙킬존,21.38518850,-157.74209051,2026-08-03T22:04:24.539Z,UAV 3,2
FRINF018,move to,LOC_중앙킬존,21.38506568,-157.74216699,2026-08-03T22:04:24.539Z,UAV 3,2
FRINF025,move to,LOC_중앙킬존,21.38504375,-157.74232390,2026-08-03T22:04:24.539Z,UAV 3,2
FRINF007,move to,LOC_중앙킬존,21.38511986,-157.74208419,2026-08-03T22:04:24.539Z,UAV 3,2
FRINF014,move to,LOC_중앙킬존,21.38517053,-157.74209394,2026-08-03T22:04:24.539Z,UAV 3,2
FRINF015,move to,LOC_중앙킬존,21.38513693,-157.74236923,2026-08-03T22:04:24.539Z,UAV 3,1
FRINF012,move to,LOC_중앙킬존,21.38515641,-157.74225027,2026-08-03T22:04:24.539Z,UAV 3,1
FRINF022,move to,LOC_중앙킬존,21.38509964,-157.74237319,2026-08-03T22:04:24.539Z,UAV 3,1
FRINF001,move to,LOC_중앙킬존,21.38514307,-157.74238748,2026-08-03T22:04:24.539Z,UAV 3,1
FRINF003,move to,LOC_중앙킬존,21.38506395,-157.74244907,2026-08-03T22:04:24.539Z,UAV 3,1
FRINF024,move to,LOC_중앙킬존,21.38505472,-157.74244211,2026-08-03T22:04:24.539Z,UAV 3,1
FRINF004,move to,LOC_중앙킬존,21.38512036,-157.74240027,2026-08-03T22:04:24.539Z,UAV 3,1
FRINF020,move to,LOC_중앙킬존,21.38503980,-157.74230680,2026-08-03T22:04:24.539Z,UAV 3,2
FRINF008,move to,LOC_중앙킬존,21.38504319,-157.74233679,2026-08-03T22:04:24.539Z,UAV 3,2
FRINF017,move to,LOC_중앙킬존,21.38497198,-157.74219910,2026-08-03T22:04:24.539Z,UAV 3,2
FRINF005,move to,LOC_중앙킬존,21.38509172,-157.74224354,2026-08-03T22:04:24.539Z,UAV 3,2
FRINF002,move to,LOC_중앙킬존,21.38516741,-157.74213274,2026-08-03T22:04:24.539Z,UAV 3,2
FRINF023,move to,LOC_중앙킬존,21.38514991,-157.74205333,2026-08-03T22:04:24.539Z,UAV 3,2
FRINF021,move to,LOC_중앙킬존,21.38503462,-157.74224015,2026-08-03T22:04:24.539Z,UAV 3,2
FRINF013,move to,LOC_중앙킬존,21.38510943,-157.74219960,2026-08-03T22:04:24.539Z,UAV 3,2
FRINF011,move to,LOC_중앙킬존,21.38516233,-157.74211862,2026-08-03T22:04:24.539Z,UAV 3,2
FRINF009,move to,LOC_중앙킬존,21.38502673,-157.74214743,2026-08-03T22:04:24.539Z,UAV 3,2
FRINF019,move to,LOC_중앙킬존,21.38496033,-157.74228708,2026-08-03T22:04:24.539Z,UAV 3,2
FRINF006,move to,LOC_중앙킬존,21.38518850,-157.74209051,2026-08-03T22:04:24.539Z,UAV 3,2
FRINF018,move to,LOC_중앙킬존,21.38506568,-157.74216699,2026-08-03T22:04:24.539Z,UAV 3,2
FRINF025,move to,LOC_중앙킬존,21.38504375,-157.74232390,2026-08-03T22:04:24.539Z,UAV 3,2
FRINF007,move to,LOC_중앙킬존,21.38511986,-157.74208419,2026-08-03T22:04:24.539Z,UAV 3,2
FRINF014,move to,LOC_중앙킬존,21.38517053,-157.74209394,2026-08-03T22:04:24.539Z,UAV 3,2
FRINF015,move to,LOC_중앙킬존,21.38513693,-157.74236923,2026-08-03T22:04:24.539Z,UAV 3,1
FRINF012,move to,LOC_중앙킬존,21.38515641,-157.74225027,2026-08-03T22:04:24.539Z,UAV 3,1
FRINF022,move to,LOC_중앙킬존,21.38509964,-157.74237319,2026-08-03T22:04:24.539Z,UAV 3,1
FRINF001,move to,LOC_중앙킬존,21.38514307,-157.74238748,2026-08-03T22:04:24.539Z,UAV 3,1
FRINF003,move to,LOC_중앙킬존,21.38506395,-157.74244907,2026-08-03T22:04:24.539Z,UAV 3,1
FRINF024,move to,LOC_중앙킬존,21.38505472,-157.74244211,2026-08-03T22:04:24.539Z,UAV 3,1
FRINF004,move to,LOC_중앙킬존,21.38512036,-157.74240027,2026-08-03T22:04:24.539Z,UAV 3,1
FRINF015,move to,LOC_중앙킬존,21.38512322,-157.74239461,2026-08-03T22:04:26.567Z,UAV 3,2
FRINF022,move to,LOC_중앙킬존,21.38508618,-157.74239877,2026-08-03T22:04:26.567Z,UAV 3,2
FRINF001,move to,LOC_중앙킬존,21.38512923,-157.74241281,2026-08-03T22:04:26.567Z,UAV 3,2
FRINF003,move to,LOC_중앙킬존,21.38505048,-157.74247458,2026-08-03T22:04:26.567Z,UAV 3,2
FRINF024,move to,LOC_중앙킬존,21.38504134,-157.74246770,2026-08-03T22:04:26.567Z,UAV 3,2
FRINF004,move to,LOC_중앙킬존,21.38510663,-157.74242568,2026-08-03T22:04:26.567Z,UAV 3,2
FRINF015,move to,LOC_중앙킬존,21.38512322,-157.74239461,2026-08-03T22:04:26.567Z,UAV 3,2
FRINF022,move to,LOC_중앙킬존,21.38508618,-157.74239877,2026-08-03T22:04:26.567Z,UAV 3,2
FRINF001,move to,LOC_중앙킬존,21.38512923,-157.74241281,2026-08-03T22:04:26.567Z,UAV 3,2
FRINF003,move to,LOC_중앙킬존,21.38505048,-157.74247458,2026-08-03T22:04:26.567Z,UAV 3,2
FRINF024,move to,LOC_중앙킬존,21.38504134,-157.74246770,2026-08-03T22:04:26.567Z,UAV 3,2
FRINF004,move to,LOC_중앙킬존,21.38510663,-157.74242568,2026-08-03T22:04:26.567Z,UAV 3,2
FRINF015,move to,LOC_중앙킬존,21.38512322,-157.74239461,2026-08-03T22:04:26.567Z,UAV 3,2
FRINF022,move to,LOC_중앙킬존,21.38508618,-157.74239877,2026-08-03T22:04:26.567Z,UAV 3,2
FRINF001,move to,LOC_중앙킬존,21.38512923,-157.74241281,2026-08-03T22:04:26.567Z,UAV 3,2
FRINF003,move to,LOC_중앙킬존,21.38505048,-157.74247458,2026-08-03T22:04:26.567Z,UAV 3,2
FRINF024,move to,LOC_중앙킬존,21.38504134,-157.74246770,2026-08-03T22:04:26.567Z,UAV 3,2
FRINF004,move to,LOC_중앙킬존,21.38510663,-157.74242568,2026-08-03T22:04:26.567Z,UAV 3,2
FRINF015,move to,LOC_중앙킬존,21.38512322,-157.74239461,2026-08-03T22:04:26.567Z,UAV 3,2
FRINF022,move to,LOC_중앙킬존,21.38508618,-157.74239877,2026-08-03T22:04:26.567Z,UAV 3,2
FRINF001,move to,LOC_중앙킬존,21.38512923,-157.74241281,2026-08-03T22:04:26.567Z,UAV 3,2
FRINF003,move to,LOC_중앙킬존,21.38505048,-157.74247458,2026-08-03T22:04:26.567Z,UAV 3,2
FRINF024,move to,LOC_중앙킬존,21.38504134,-157.74246770,2026-08-03T22:04:26.567Z,UAV 3,2
FRINF004,move to,LOC_중앙킬존,21.38510663,-157.74242568,2026-08-03T22:04:26.567Z,UAV 3,2
FRINF015,move to,LOC_중앙킬존,21.38512322,-157.74239461,2026-08-03T22:04:26.567Z,UAV 3,2
FRINF022,move to,LOC_중앙킬존,21.38508618,-157.74239877,2026-08-03T22:04:26.567Z,UAV 3,2
FRINF001,move to,LOC_중앙킬존,21.38512923,-157.74241281,2026-08-03T22:04:26.567Z,UAV 3,2
FRINF003,move to,LOC_중앙킬존,21.38505048,-157.74247458,2026-08-03T22:04:26.567Z,UAV 3,2
FRINF024,move to,LOC_중앙킬존,21.38504134,-157.74246770,2026-08-03T22:04:26.567Z,UAV 3,2
FRINF004,move to,LOC_중앙킬존,21.38510663,-157.74242568,2026-08-03T22:04:26.567Z,UAV 3,2
FRT80004,none,,21.38044564,-157.75164742,2026-08-03T22:04:55.424Z,UAV 3,3
FRT80004,none,,21.38044564,-157.75164742,2026-08-03T22:04:55.424Z,UAV 3,3
FRT80004,none,,21.38044564,-157.75164742,2026-08-03T22:04:55.424Z,UAV 3,3
FRT80004,none,,21.38044564,-157.75164742,2026-08-03T22:04:55.424Z,UAV 3,3
FRT80004,none,,21.38044564,-157.75164742,2026-08-03T22:04:55.424Z,UAV 3,3
FRT80004,none,,21.38044564,-157.75164742,2026-08-03T22:04:55.424Z,UAV 3,3
FRT80004,none,,21.38044564,-157.75164742,2026-08-03T22:04:57.455Z,UAV 3,3
FRT80004,none,,21.38044564,-157.75164742,2026-08-03T22:04:57.455Z,UAV 3,3
FRT80004,none,,21.38044564,-157.75164742,2026-08-03T22:04:57.455Z,UAV 3,3
FRT80004,none,,21.38044564,-157.75164742,2026-08-03T22:04:57.455Z,UAV 3,3
FRT80004,none,,21.38044564,-157.75164742,2026-08-03T22:04:57.455Z,UAV 3,3
FRT80004,none,,21.38044564,-157.75164742,2026-08-03T22:04:59.504Z,UAV 3,3
FRSNP004,move to,LOC_적북측접근로,21.37967350,-157.75257747,2026-08-03T22:04:59.504Z,UAV 3,1
FRSNP002,move to,LOC_적북측접근로,21.37953742,-157.75257657,2026-08-03T22:04:59.504Z,UAV 3,1
FRT80004,none,,21.38044564,-157.75164742,2026-08-03T22:04:59.504Z,UAV 3,3
FRSNP004,move to,LOC_적북측접근로,21.37967350,-157.75257747,2026-08-03T22:04:59.504Z,UAV 3,1
FRSNP002,move to,LOC_적북측접근로,21.37953742,-157.75257657,2026-08-03T22:04:59.504Z,UAV 3,1
FRT80004,none,,21.38044564,-157.75164742,2026-08-03T22:04:59.504Z,UAV 3,3
FRSNP004,move to,LOC_적북측접근로,21.37967350,-157.75257747,2026-08-03T22:04:59.504Z,UAV 3,1
FRSNP002,move to,LOC_적북측접근로,21.37953742,-157.75257657,2026-08-03T22:04:59.504Z,UAV 3,1
FRT80004,none,,21.38044564,-157.75164742,2026-08-03T22:04:59.504Z,UAV 3,3
FRSNP004,move to,LOC_적북측접근로,21.37967350,-157.75257747,2026-08-03T22:04:59.504Z,UAV 3,1
FRSNP002,move to,LOC_적북측접근로,21.37953742,-157.75257657,2026-08-03T22:04:59.504Z,UAV 3,1
FRT80004,none,,21.38044564,-157.75164742,2026-08-03T22:04:59.504Z,UAV 3,3
FRSNP004,move to,LOC_적북측접근로,21.37967350,-157.75257747,2026-08-03T22:04:59.504Z,UAV 3,1
FRSNP002,move to,LOC_적북측접근로,21.37953742,-157.75257657,2026-08-03T22:04:59.504Z,UAV 3,1
FRT80004,none,,21.38044564,-157.75164742,2026-08-03T22:04:59.504Z,UAV 3,3
FRSNP004,move to,LOC_적북측접근로,21.37967350,-157.75257747,2026-08-03T22:04:59.504Z,UAV 3,1
FRSNP002,move to,LOC_적북측접근로,21.37953742,-157.75257657,2026-08-03T22:04:59.504Z,UAV 3,1
FRT80004,none,,21.38044564,-157.75164742,2026-08-03T22:05:01.555Z,UAV 3,3
FRSNP004,move to,LOC_적북측접근로,21.37965586,-157.75255456,2026-08-03T22:05:01.555Z,UAV 3,1
FRSNP002,move to,LOC_적북측접근로,21.37951996,-157.75255350,2026-08-03T22:05:01.555Z,UAV 3,1
FRT80004,none,,21.38044564,-157.75164742,2026-08-03T22:05:01.555Z,UAV 3,3
FRSNP004,move to,LOC_적북측접근로,21.37965586,-157.75255456,2026-08-03T22:05:01.555Z,UAV 3,1
FRSNP002,move to,LOC_적북측접근로,21.37951996,-157.75255350,2026-08-03T22:05:01.555Z,UAV 3,1
FRT80004,none,,21.38044564,-157.75164742,2026-08-03T22:05:01.555Z,UAV 3,3
FRSNP004,move to,LOC_적북측접근로,21.37965586,-157.75255456,2026-08-03T22:05:01.555Z,UAV 3,1
FRSNP002,move to,LOC_적북측접근로,21.37951996,-157.75255350,2026-08-03T22:05:01.555Z,UAV 3,1
FRT80004,none,,21.38044564,-157.75164742,2026-08-03T22:05:01.555Z,UAV 3,3
FRSNP004,move to,LOC_적북측접근로,21.37965586,-157.75255456,2026-08-03T22:05:01.555Z,UAV 3,1
FRSNP002,move to,LOC_적북측접근로,21.37951996,-157.75255350,2026-08-03T22:05:01.555Z,UAV 3,1
FRT80004,none,,21.38044564,-157.75164742,2026-08-03T22:05:01.555Z,UAV 3,3
FRSNP004,move to,LOC_적북측접근로,21.37965586,-157.75255456,2026-08-03T22:05:01.555Z,UAV 3,1
FRSNP002,move to,LOC_적북측접근로,21.37951996,-157.75255350,2026-08-03T22:05:01.555Z,UAV 3,1
FRSNP004,move to,LOC_적북측접근로,21.37963855,-157.75253207,2026-08-03T22:05:03.568Z,UAV 3,1
FRSNP002,move to,LOC_적북측접근로,21.37950281,-157.75253086,2026-08-03T22:05:03.568Z,UAV 3,1
FRSNP004,move to,LOC_적북측접근로,21.37963855,-157.75253207,2026-08-03T22:05:03.568Z,UAV 3,1
FRSNP002,move to,LOC_적북측접근로,21.37950281,-157.75253086,2026-08-03T22:05:03.568Z,UAV 3,1
FRSNP004,move to,LOC_적북측접근로,21.37963855,-157.75253207,2026-08-03T22:05:03.568Z,UAV 3,1
FRSNP002,move to,LOC_적북측접근로,21.37950281,-157.75253086,2026-08-03T22:05:03.568Z,UAV 3,1
FRSNP004,move to,LOC_적북측접근로,21.37963855,-157.75253207,2026-08-03T22:05:03.568Z,UAV 3,1
FRSNP002,move to,LOC_적북측접근로,21.37950281,-157.75253086,2026-08-03T22:05:03.568Z,UAV 3,1
FRSNP004,move to,LOC_적북측접근로,21.37963855,-157.75253207,2026-08-03T22:05:03.568Z,UAV 3,1
FRSNP002,move to,LOC_적북측접근로,21.37950281,-157.75253086,2026-08-03T22:05:03.568Z,UAV 3,1
FRSNP004,move to,LOC_적북측접근로,21.37962077,-157.75250898,2026-08-03T22:05:05.636Z,UAV 3,2
FRSNP002,move to,LOC_적북측접근로,21.37948521,-157.75250762,2026-08-03T22:05:05.636Z,UAV 3,2
FRSNP004,move to,LOC_적북측접근로,21.37962077,-157.75250898,2026-08-03T22:05:05.636Z,UAV 3,2
FRSNP002,move to,LOC_적북측접근로,21.37948521,-157.75250762,2026-08-03T22:05:05.636Z,UAV 3,2
FRSNP004,move to,LOC_적북측접근로,21.37962077,-157.75250898,2026-08-03T22:05:05.636Z,UAV 3,2
FRSNP002,move to,LOC_적북측접근로,21.37948521,-157.75250762,2026-08-03T22:05:05.636Z,UAV 3,2
FRSNP004,move to,LOC_적북측접근로,21.37962077,-157.75250898,2026-08-03T22:05:05.636Z,UAV 3,2
FRSNP002,move to,LOC_적북측접근로,21.37948521,-157.75250762,2026-08-03T22:05:05.636Z,UAV 3,2
FRSNP004,move to,LOC_적북측접근로,21.37962077,-157.75250898,2026-08-03T22:05:05.636Z,UAV 3,2
FRSNP002,move to,LOC_적북측접근로,21.37948521,-157.75250762,2026-08-03T22:05:05.636Z,UAV 3,2
FRSNP004,move to,LOC_적북측접근로,21.37962077,-157.75250898,2026-08-03T22:05:05.636Z,UAV 3,2
FRSNP002,move to,LOC_적북측접근로,21.37948521,-157.75250762,2026-08-03T22:05:05.636Z,UAV 3,2
FRT69002,move to,LOC_중앙킬존남측,21.38072278,-157.73403035,2026-08-03T22:07:04.578Z,UAV 3,3
FRT69001,move to,LOC_중앙킬존남측,21.38090613,-157.73399376,2026-08-03T22:07:04.578Z,UAV 3,3
FRT69003,move to,LOC_중앙킬존남측,21.38103505,-157.73401242,2026-08-03T22:07:04.578Z,UAV 3,3
